Promo_Sales_Avg,NonPromo_Sales_Avg,Cannibalization_Effect
1349865.3873972567,1331414.900614194,18450.486783062574
