model,RMSE,MAE,runtime_seconds,throughput_rows_per_sec
LightGBM,235441.02797555577,89748.06936811234,6.925980567932129,11058.506336939892
